Config,Train Trades,Train WR,Train AvgR,Test Trades,Test WR,Test AvgR,Eligible
htf1_tx0_be1,604,0.34271523178807944,-0.028973509933774833,254,0.31496062992125984,-0.07874015748031496,True
htf1_tx1_be1,604,0.34271523178807944,-0.008478484349475748,254,0.31496062992125984,-0.07874015748031496,True
htf1_tx1_be0,604,0.3824503311258278,-0.018851502332786086,254,0.36220472440944884,-0.09175865300633035,True
htf1_tx0_be0,604,0.3824503311258278,-0.043874172185430466,254,0.36220472440944884,-0.09448818897637795,True
htf0_tx1_be1,1131,0.3297966401414677,-0.04608400048371649,484,0.29545454545454547,-0.15060950140746301,True
htf0_tx0_be1,1131,0.3297966401414677,-0.05702917771883289,484,0.29545454545454547,-0.1518595041322314,True
htf0_tx1_be0,1131,0.381078691423519,-0.03261170910530861,484,0.3347107438016529,-0.16054069534053722,True
htf0_tx0_be0,1131,0.381078691423519,-0.04730327144120248,484,0.3347107438016529,-0.16322314049586778,True
