Config,Train Trades,Train WR,Train AvgR,Test Trades,Test WR,Test AvgR,Eligible
tx1_be1_c100,754,0.3740053050397878,0.06138017908430369,331,0.3474320241691843,-0.03712772600267843,True
tx0_be1_c100,754,0.3740053050397878,0.05172413793103448,331,0.3474320241691843,-0.04984894259818731,True
tx1_be0_c100,754,0.4204244031830239,0.06652322687559306,331,0.3716012084592145,-0.05130686321212368,True
tx0_be0_c100,754,0.4204244031830239,0.05106100795755968,331,0.3716012084592145,-0.07099697885196375,True
tx1_be1_c101,613,0.36867862969004894,0.05592276513795266,253,0.31620553359683795,-0.09798133322880064,True
tx1_be0_c101,613,0.41435562805872755,0.0549078516544815,253,0.3438735177865613,-0.11455561945933966,True
tx0_be1_c101,613,0.36867862969004894,0.04404567699836868,253,0.31620553359683795,-0.11462450592885376,True
tx0_be0_c101,613,0.41435562805872755,0.03588907014681892,253,0.3438735177865613,-0.14031620553359683,True
