Config,Train Trades,Train WR,Train AvgR,Test Trades,Test WR,Test AvgR,Eligible
htf0_tx0_be1,452,0.29867256637168144,-0.14712389380530974,185,0.34594594594594597,-0.08648648648648649,True
htf0_tx1_be1,452,0.29867256637168144,-0.14712389380530974,185,0.34594594594594597,-0.08648648648648649,True
htf0_tx0_be0,452,0.33849557522123896,-0.15376106194690264,185,0.3567567567567568,-0.10810810810810811,True
htf0_tx1_be0,452,0.33849557522123896,-0.15043704308419314,185,0.3567567567567568,-0.10810810810810811,True
htf1_tx0_be1,210,0.34285714285714286,-0.03333333333333333,97,0.28865979381443296,-0.20618556701030927,True
htf1_tx1_be1,210,0.34285714285714286,-0.03333333333333333,97,0.28865979381443296,-0.20618556701030927,True
htf1_tx0_be0,210,0.38571428571428573,-0.03571428571428571,97,0.30927835051546393,-0.2268041237113402,True
htf1_tx1_be0,210,0.38571428571428573,-0.03571428571428571,97,0.30927835051546393,-0.2268041237113402,True
