Scenario,RankSetup,Config,Train Trades,Train WR,Train AvgR,Test Trades,Test WR,Test AvgR,Eligible
CLASSICS_8_2,8.2,tx0_be1_c100,104,0.3269230769230769,-0.028846153846153848,52,0.36538461538461536,-0.0673076923076923,False
CLASSICS_8_2,8.2,tx1_be1_c100,104,0.3269230769230769,-0.028846153846153848,52,0.36538461538461536,-0.0673076923076923,False
CLASSICS_8_2,8.2,tx0_be0_c100,104,0.375,-0.0625,52,0.36538461538461536,-0.08653846153846154,False
CLASSICS_8_2,8.2,tx1_be0_c100,104,0.375,-0.0625,52,0.36538461538461536,-0.08653846153846154,False
CLASSICS_8_2,8.2,tx0_be0_c101,58,0.3620689655172414,-0.09482758620689655,22,0.2727272727272727,-0.3181818181818182,False
CLASSICS_8_2,8.2,tx0_be1_c101,58,0.3275862068965517,-0.02586206896551724,22,0.2727272727272727,-0.3181818181818182,False
CLASSICS_8_2,8.2,tx1_be0_c101,58,0.3620689655172414,-0.09482758620689655,22,0.2727272727272727,-0.3181818181818182,False
CLASSICS_8_2,8.2,tx1_be1_c101,58,0.3275862068965517,-0.02586206896551724,22,0.2727272727272727,-0.3181818181818182,False
