Scenario,RankSetup,Config,Train Trades,Train WR,Train AvgR,Test Trades,Test WR,Test AvgR,Eligible
LADDER_ONLY,MA_LADDER,tx1_be1,324,0.3950617283950617,0.13358226087335387,138,0.32608695652173914,-0.009342595737736053,True
LADDER_ONLY,MA_LADDER,tx1_be0,324,0.44753086419753085,0.1501729310080392,138,0.3695652173913043,-0.02885922770528595,True
LADDER_ONLY,MA_LADDER,tx0_be1,324,0.3950617283950617,0.1111111111111111,138,0.32608695652173914,-0.03985507246376811,True
LADDER_ONLY,MA_LADDER,tx0_be0,324,0.44753086419753085,0.11882716049382716,138,0.3695652173913043,-0.07608695652173914,True
