Scenario,RankSetup,Config,Train Trades,Train WR,Train AvgR,Test Trades,Test WR,Test AvgR,Eligible
CLASSICS_PFR,PFR,tx0_be1_c100,74,0.3783783783783784,0.06756756756756757,30,0.5333333333333333,0.36666666666666664,False
CLASSICS_PFR,PFR,tx1_be1_c100,74,0.3783783783783784,0.06756756756756757,30,0.5333333333333333,0.36666666666666664,False
CLASSICS_PFR,PFR,tx0_be0_c100,74,0.3918918918918919,-0.02027027027027027,30,0.5333333333333333,0.3333333333333333,False
CLASSICS_PFR,PFR,tx1_be0_c100,74,0.3918918918918919,3.3483463443745156e-05,30,0.5333333333333333,0.3333333333333333,False
CLASSICS_PFR,PFR,tx0_be1_c101,55,0.38181818181818183,0.1,22,0.5,0.29545454545454547,False
CLASSICS_PFR,PFR,tx1_be1_c101,55,0.38181818181818183,0.1,22,0.5,0.29545454545454547,False
CLASSICS_PFR,PFR,tx0_be0_c101,55,0.4,0.0,22,0.5,0.25,False
CLASSICS_PFR,PFR,tx1_be0_c101,55,0.4,0.027317777750815227,22,0.5,0.25,False
