Scenario,RankSetup,Config,Train Trades,Train WR,Train AvgR,Test Trades,Test WR,Test AvgR,Eligible
CLASSICS_DL,DL,tx0_be1_c100,47,0.3617021276595745,-0.031914893617021274,26,0.3076923076923077,-0.19230769230769232,False
CLASSICS_DL,DL,tx1_be1_c100,47,0.3617021276595745,-0.031914893617021274,26,0.3076923076923077,-0.19230769230769232,False
CLASSICS_DL,DL,tx0_be0_c100,47,0.3829787234042553,-0.0425531914893617,26,0.3076923076923077,-0.23076923076923078,False
CLASSICS_DL,DL,tx1_be0_c100,47,0.3829787234042553,-0.0425531914893617,26,0.3076923076923077,-0.23076923076923078,False
CLASSICS_DL,DL,tx0_be1_c101,24,0.3333333333333333,-0.08333333333333333,15,0.2,-0.43333333333333335,False
CLASSICS_DL,DL,tx1_be1_c101,24,0.3333333333333333,-0.08333333333333333,15,0.2,-0.43333333333333335,False
CLASSICS_DL,DL,tx0_be0_c101,24,0.3333333333333333,-0.16666666666666666,15,0.2,-0.5,False
CLASSICS_DL,DL,tx1_be0_c101,24,0.3333333333333333,-0.16666666666666666,15,0.2,-0.5,False
