Scenario,RankSetup,Config,Train Trades,Train WR,Train AvgR,Test Trades,Test WR,Test AvgR,Eligible
CLASSICS_8_3,8.3,tx0_be0_c100,205,0.4195121951219512,0.04878048780487805,85,0.3411764705882353,-0.14705882352941177,True
CLASSICS_8_3,8.3,tx0_be1_c100,205,0.36585365853658536,0.007317073170731708,85,0.3176470588235294,-0.14705882352941177,True
CLASSICS_8_3,8.3,tx1_be0_c100,205,0.4195121951219512,0.04878048780487805,85,0.3411764705882353,-0.14705882352941177,True
CLASSICS_8_3,8.3,tx1_be1_c100,205,0.36585365853658536,0.007317073170731708,85,0.3176470588235294,-0.14705882352941177,True
CLASSICS_8_3,8.3,tx0_be1_c101,152,0.32894736842105265,-0.07894736842105263,56,0.26785714285714285,-0.2767857142857143,False
CLASSICS_8_3,8.3,tx1_be1_c101,152,0.32894736842105265,-0.07894736842105263,56,0.26785714285714285,-0.2767857142857143,False
CLASSICS_8_3,8.3,tx0_be0_c101,152,0.3815789473684211,-0.046052631578947366,56,0.2857142857142857,-0.2857142857142857,False
CLASSICS_8_3,8.3,tx1_be0_c101,152,0.3815789473684211,-0.046052631578947366,56,0.2857142857142857,-0.2857142857142857,False
